{
    "Unit_conversions": [{
        "Temperature": [{
            "Celsius": [40, 20, 15, 60, 25, 10, 0, -10, -20, 35, 50, -30, 5, -5, 45, -25],
            "Farenheit": [104, 68, 59, 140, 77, 50, 32, 14, -4, 95, 122, -22, 41, 23, 113, -13],
            "Kelvin": [313.15, 293.15, 288.15, 333.15, 298.15, 283.15, 273.15, 263.15, 253.15, 308.15, 323.15, 243.15, 278.15, 268.15, 318.15, 248.15]
        }],
        "Distance": [{
            "Km": [1, 2, 3, 4, 5, 6, 7, 8, 10, 12, 15, 20, 25, 30, 35, 40],
            "km/h": [0.27, 0.55, 0.83, 1.11, 1.39, 1.67, 1.94, 2.22, 2.78, 3.33, 4.17, 5.56, 6.94, 8.33, 9.72, 11.11],
            "m": [1000, 2000, 3000, 4000, 5000, 6000, 7000, 8000, 10000, 12000, 15000, 20000, 25000, 30000, 35000, 40000],
            "m/h": [0.027, 0.055, 0.083, 0.111, 0.139, 0.167, 0.194, 0.222, 0.278, 0.333, 0.417, 0.556, 0.694, 0.833, 0.972, 1.111]
        }],
        "Weight": [{
            "Kg": [1, 2, 3, 4, 5, 6, 7, 8, 10, 12, 15, 20, 25, 30, 35, 40],
            "Lb": [2.205, 4.41, 6.615, 8.82, 11.025, 13.23, 15.435, 17.64, 22.05, 26.46, 33.075, 44.1, 55.125, 66.15, 77.175, 88.2],
            "Oz": [35.27, 70.55, 105.82, 141.1, 176.37, 211.64, 246.92, 282.19, 352.74, 423.29, 529.12, 705.48, 881.85, 1058.22, 1234.59, 1410.96]
        }],
        "Time": [{
            "Seconds": [60, 120, 180, 240, 300, 360, 420, 480, 600, 720, 900, 1200, 1500, 1800, 2100, 2400],
            "Minutes": [1, 2, 3, 4, 5, 6, 7, 8, 10, 12, 15, 20, 25, 30, 35, 40],
            "Hours": [0.0167, 0.0333, 0.05, 0.0667, 0.0833, 0.1, 0.1167, 0.1333, 0.1667, 0.2, 0.25, 0.3333, 0.4167, 0.5, 0.5833, 0.6667]
        }],
        "Speed": [{
            "m/s": [1, 2, 3, 4, 5, 6, 7, 8, 10, 12, 15, 20, 25, 30, 35, 40],
            "km/h": [3.6, 7.2, 10.8, 14.4, 18, 21.6, 25.2, 28.8, 36, 43.2, 54, 72, 90, 108, 126, 144],
            "mph": [2.237, 4.474, 6.711, 8.948, 11.185, 13.422, 15.659, 17.896, 22.369, 26.843, 33.554, 44.739, 55.924, 67.108, 78.293, 89.478]
        }]
    }],
    "Trigonometric": [{
        "sines": [{
            "input": [5, -1, 10, 0, 24, 60, 0.5, 4.12, 6.270, 3.1415, 2.7182, 9.567487, -10.671592, 59.83296538599, -5.42674385012],
            "output": [0.08344, -0.01761, 0.1593, 0.0, 0.3325, 0.5474, 0.00869, 0.06934, 0.10345, 0.0533, 0.04633, 0.1531, -0.2035, 0.547, -0.0992]
        }],
        "cosines": [{
            "input": [5, -1, 10, 0, 24, 60, 0.5, 4.12, 6.270, 3.1415, 2.7182, 9.567487, -10.671592, 59.83296538599, -5.42674385012],
            "output": [0.08716, -0.01746, 0.1737, 0.0, 0.4067, 0.866, 0.00873, 0.07184, 0.1092, 0.0548, 0.04742, 0.1663, -0.1852, 0.8647, -0.09454]
        }],
        "tangents": [{
            "input": [5, -1, 10, 0, 24, 60, 0.5, 4.12, 6.270, 3.1415, 2.7182, 9.567487, -10.671592, 59.83296538599, -5.42674385012],
            "output": [1.044, 0.991, 1.09, 0.1, 1.224, 1.583, 1.004, 1.036, 1.056, 1.027, 1.023, 1.086, 0.9097, 1.581, 0.9536]
        }]
    }]
}
